{"metaVersion": 2, "host": "Primavera.doesnthaveawebsite", "exportedAt": "2024-08-15T15:11:25.745406", "emojis": [{"downloaded": true, "fileName": "neogob_pat_happy.png", "emoji": {"name": "neogob_pat_happy", "category": "final", "aliases": []}}, {"downloaded": true, "fileName": "neogob_boop_woozy.png", "emoji": {"name": "neogob_boop_woozy", "category": "final", "aliases": []}}, {"downloaded": true, "fileName": "neogob_sip_glare.png", "emoji": {"name": "neogob_sip_glare", "category": "final", "aliases": []}}, {"downloaded": true, "fileName": "neogob_glasses.png", "emoji": {"name": "neogob_glasses", "category": "final", "aliases": []}}, {"downloaded": true, "fileName": "neogob_cute_scar.png", "emoji": {"name": "neogob_cute_scar", "category": "final", "aliases": []}}, {"downloaded": true, "fileName": "neogob_baa.png", "emoji": {"name": "neogob_baa", "category": "final", "aliases": []}}, {"downloaded": true, "fileName": "neogob_hyper.png", "emoji": {"name": "neogob_hyper", "category": "final", "aliases": []}}, {"downloaded": true, "fileName": "neogob_pat_googly.png", "emoji": {"name": "neogob_pat_googly", "category": "final", "aliases": []}}, {"downloaded": true, "fileName": "neogob_cool_fingerguns.png", "emoji": {"name": "neogob_cool_fingerguns", "category": "final", "aliases": []}}, {"downloaded": true, "fileName": "neogob_angel_pleading.png", "emoji": {"name": "neogob_angel_pleading", "category": "final", "aliases": []}}, {"downloaded": true, "fileName": "neogob_glare.png", "emoji": {"name": "neogob_glare", "category": "final", "aliases": []}}, {"downloaded": true, "fileName": "neogob_scream.png", "emoji": {"name": "neogob_scream", "category": "final", "aliases": []}}, {"downloaded": true, "fileName": "neogob_3c.png", "emoji": {"name": "neogob_3c", "category": "final", "aliases": []}}, {"downloaded": true, "fileName": "neogob_boop.png", "emoji": {"name": "neogob_boop", "category": "final", "aliases": []}}, {"downloaded": true, "fileName": "neogob_uwu.png", "emoji": {"name": "neogob_uwu", "category": "final", "aliases": []}}, {"downloaded": true, "fileName": "neogob_think_cool.png", "emoji": {"name": "neogob_think_cool", "category": "final", "aliases": []}}, {"downloaded": true, "fileName": "neogob_reach_drool.png", "emoji": {"name": "neogob_reach_drool", "category": "final", "aliases": []}}, {"downloaded": true, "fileName": "neogob_stretch_h.png", "emoji": {"name": "neogob_stretch_h", "category": "final", "aliases": []}}, {"downloaded": true, "fileName": "neogob_think_googly.png", "emoji": {"name": "neogob_think_googly", "category": "final", "aliases": []}}, {"downloaded": true, "fileName": "neogob_cry.png", "emoji": {"name": "neogob_cry", "category": "final", "aliases": []}}, {"downloaded": true, "fileName": "neogob_heart.png", "emoji": {"name": "neogob_heart", "category": "final", "aliases": []}}, {"downloaded": true, "fileName": "neogob_flop_pat.png", "emoji": {"name": "neogob_flop_pat", "category": "final", "aliases": []}}, {"downloaded": true, "fileName": "neogob_pleading_reach.png", "emoji": {"name": "neogob_pleading_reach", "category": "final", "aliases": []}}, {"downloaded": true, "fileName": "neogob_pat.png", "emoji": {"name": "neogob_pat", "category": "final", "aliases": []}}, {"downloaded": true, "fileName": "neogob_googly_woozy.png", "emoji": {"name": "neogob_googly_woozy", "category": "final", "aliases": []}}, {"downloaded": true, "fileName": "neogob_owo.png", "emoji": {"name": "neogob_owo", "category": "final", "aliases": []}}, {"downloaded": true, "fileName": "neogob_peek.png", "emoji": {"name": "neogob_peek", "category": "final", "aliases": []}}, {"downloaded": true, "fileName": "neogobsigns_yes.png", "emoji": {"name": "neogobsigns_yes", "category": "final", "aliases": []}}, {"downloaded": true, "fileName": "neogob_pat_woozy.png", "emoji": {"name": "neogob_pat_woozy", "category": "final", "aliases": []}}, {"downloaded": true, "fileName": "neogob_cool.png", "emoji": {"name": "neogob_cool", "category": "final", "aliases": []}}, {"downloaded": true, "fileName": "neogob.png", "emoji": {"name": "neogob", "category": "final", "aliases": []}}, {"downloaded": true, "fileName": "neogob_sip_owo.png", "emoji": {"name": "neogob_sip_owo", "category": "final", "aliases": []}}, {"downloaded": true, "fileName": "neogob_sign_no.png", "emoji": {"name": "neogob_sign_no", "category": "final", "aliases": []}}, {"downloaded": true, "fileName": "neogob_googly_blep.png", "emoji": {"name": "neogob_googly_blep", "category": "final", "aliases": []}}, {"downloaded": true, "fileName": "neogob_blush_pyro.png", "emoji": {"name": "neogob_blush_pyro", "category": "final", "aliases": []}}, {"downloaded": true, "fileName": "neogob_stretch_ul.png", "emoji": {"name": "neogob_stretch_ul", "category": "final", "aliases": []}}, {"downloaded": true, "fileName": "neogob_book.png", "emoji": {"name": "neogob_book", "category": "final", "aliases": []}}, {"downloaded": true, "fileName": "neogob_googly_shocked.png", "emoji": {"name": "neogob_googly_shocked", "category": "final", "aliases": []}}, {"downloaded": true, "fileName": "neogob_boop_blush.png", "emoji": {"name": "neogob_boop_blush", "category": "final", "aliases": []}}, {"downloaded": true, "fileName": "neogob_laugh_nervous.png", "emoji": {"name": "neogob_laugh_nervous", "category": "final", "aliases": []}}, {"downloaded": true, "fileName": "neogob_thinking.png", "emoji": {"name": "neogob_thinking", "category": "final", "aliases": []}}, {"downloaded": true, "fileName": "neogob_boop_owo.png", "emoji": {"name": "neogob_boop_owo", "category": "final", "aliases": []}}, {"downloaded": true, "fileName": "neogob_boop_happy.png", "emoji": {"name": "neogob_boop_happy", "category": "final", "aliases": []}}, {"downloaded": true, "fileName": "neogob_flop_w.png", "emoji": {"name": "neogob_flop_w", "category": "final", "aliases": []}}, {"downloaded": true, "fileName": "neogob_blep.png", "emoji": {"name": "neogob_blep", "category": "final", "aliases": []}}, {"downloaded": true, "fileName": "neogob_stretch_v.png", "emoji": {"name": "neogob_stretch_v", "category": "final", "aliases": []}}, {"downloaded": true, "fileName": "neogob_stretch_dr.png", "emoji": {"name": "neogob_stretch_dr", "category": "final", "aliases": []}}, {"downloaded": true, "fileName": "neogob_pat_sob.png", "emoji": {"name": "neogob_pat_sob", "category": "final", "aliases": []}}, {"downloaded": true, "fileName": "neogob_thonk.png", "emoji": {"name": "neogob_thonk", "category": "final", "aliases": []}}, {"downloaded": true, "fileName": "neogob_evil.png", "emoji": {"name": "neogob_evil", "category": "final", "aliases": []}}, {"downloaded": true, "fileName": "neogob_think.png", "emoji": {"name": "neogob_think", "category": "final", "aliases": []}}, {"downloaded": true, "fileName": "neogob_blank.png", "emoji": {"name": "neogob_blank", "category": "final", "aliases": []}}, {"downloaded": true, "fileName": "neogob_boop_googly.png", "emoji": {"name": "neogob_boop_googly", "category": "final", "aliases": []}}, {"downloaded": true, "fileName": "neogob_0_0.png", "emoji": {"name": "neogob_0_0", "category": "final", "aliases": []}}, {"downloaded": true, "fileName": "neogob_sob.png", "emoji": {"name": "neogob_sob", "category": "final", "aliases": []}}, {"downloaded": true, "fileName": "neogob_woozy.png", "emoji": {"name": "neogob_woozy", "category": "final", "aliases": []}}, {"downloaded": true, "fileName": "neogob_?.png", "emoji": {"name": "neogob_?", "category": "final", "aliases": []}}, {"downloaded": true, "fileName": "neogob_pensive.png", "emoji": {"name": "neogob_pensive", "category": "final", "aliases": []}}, {"downloaded": true, "fileName": "neogob_cute.png", "emoji": {"name": "neogob_cute", "category": "final", "aliases": []}}, {"downloaded": true, "fileName": "neogob_confused.png", "emoji": {"name": "neogob_confused", "category": "final", "aliases": []}}, {"downloaded": true, "fileName": "neogob_flush.png", "emoji": {"name": "neogob_flush", "category": "final", "aliases": []}}, {"downloaded": true, "fileName": "boop_angel.png", "emoji": {"name": "boop_angel", "category": "final", "aliases": []}}, {"downloaded": true, "fileName": "neogob_drowsy.png", "emoji": {"name": "neogob_drowsy", "category": "final", "aliases": []}}, {"downloaded": true, "fileName": "neogob_cute_reach.png", "emoji": {"name": "neogob_cute_reach", "category": "final", "aliases": []}}, {"downloaded": true, "fileName": "neogob_scream_stare.png", "emoji": {"name": "neogob_scream_stare", "category": "final", "aliases": []}}, {"downloaded": true, "fileName": "neogob_o_o.png", "emoji": {"name": "neogob_o_o", "category": "final", "aliases": []}}, {"downloaded": true, "fileName": "neogob_glare_sob.png", "emoji": {"name": "neogob_glare_sob", "category": "final", "aliases": []}}, {"downloaded": true, "fileName": "neogob_pout.png", "emoji": {"name": "neogob_pout", "category": "final", "aliases": []}}, {"downloaded": true, "fileName": "neogob_blush.png", "emoji": {"name": "neogob_blush", "category": "final", "aliases": []}}, {"downloaded": true, "fileName": "neogob_thumbsdown.png", "emoji": {"name": "neogob_thumbsdown", "category": "final", "aliases": []}}, {"downloaded": true, "fileName": "neogob_puter.png", "emoji": {"name": "neogob_puter", "category": "final", "aliases": []}}, {"downloaded": true, "fileName": "neogob_hide.png", "emoji": {"name": "neogob_hide", "category": "final", "aliases": []}}, {"downloaded": true, "fileName": "neogob_dizzy.png", "emoji": {"name": "neogob_dizzy", "category": "final", "aliases": []}}, {"downloaded": true, "fileName": "neogob_samsa.png", "emoji": {"name": "neogob_samsa", "category": "final", "aliases": []}}, {"downloaded": true, "fileName": "neogob_facepalm.png", "emoji": {"name": "neogob_facepalm", "category": "final", "aliases": []}}, {"downloaded": true, "fileName": "neogob_googly_drool.png", "emoji": {"name": "neogob_googly_drool", "category": "final", "aliases": []}}, {"downloaded": true, "fileName": "abyssal_cave_gob.png", "emoji": {"name": "abyssal_cave_gob", "category": "final", "aliases": []}}, {"downloaded": true, "fileName": "neogob_evil_3c.png", "emoji": {"name": "neogob_evil_3c", "category": "final", "aliases": []}}, {"downloaded": true, "fileName": "neogob_fire_beauty_impermanence.png", "emoji": {"name": "neogob_fire_beauty_impermanence", "category": "final", "aliases": []}}, {"downloaded": true, "fileName": "neogob_happy_blep.png", "emoji": {"name": "neogob_happy_blep", "category": "final", "aliases": []}}, {"downloaded": true, "fileName": "neogob_angel.png", "emoji": {"name": "neogob_angel", "category": "final", "aliases": []}}, {"downloaded": true, "fileName": "neogob__w_.png", "emoji": {"name": "neogob__w_", "category": "final", "aliases": []}}, {"downloaded": true, "fileName": "neogob_shocked.png", "emoji": {"name": "neogob_shocked", "category": "final", "aliases": []}}, {"downloaded": true, "fileName": "neogob_stretch_up.png", "emoji": {"name": "neogob_stretch_up", "category": "final", "aliases": []}}, {"downloaded": true, "fileName": "neogob_think_owo.png", "emoji": {"name": "neogob_think_owo", "category": "final", "aliases": []}}, {"downloaded": true, "fileName": "neogob_flop_happy.png", "emoji": {"name": "neogob_flop_happy", "category": "final", "aliases": []}}, {"downloaded": true, "fileName": "neogob_aww.png", "emoji": {"name": "neogob_aww", "category": "final", "aliases": []}}, {"downloaded": true, "fileName": "neogob_think_woozy.png", "emoji": {"name": "neogob_think_woozy", "category": "final", "aliases": []}}, {"downloaded": true, "fileName": "neogob_pyro.png", "emoji": {"name": "neogob_pyro", "category": "final", "aliases": []}}, {"downloaded": true, "fileName": "neogob_flop_sleep.png", "emoji": {"name": "neogob_flop_sleep", "category": "final", "aliases": []}}, {"downloaded": true, "fileName": "neogob_sip.png", "emoji": {"name": "neogob_sip", "category": "final", "aliases": []}}, {"downloaded": true, "fileName": "neogob_pleading.png", "emoji": {"name": "neogob_pleading", "category": "final", "aliases": []}}, {"downloaded": true, "fileName": "neogob_bottom.png", "emoji": {"name": "neogob_bottom", "category": "final", "aliases": []}}, {"downloaded": true, "fileName": "neogob_cry_loud.png", "emoji": {"name": "neogob_cry_loud", "category": "final", "aliases": []}}, {"downloaded": true, "fileName": "neogob_sign_I_ated_it.png", "emoji": {"name": "neogob_sign_I_ated_it", "category": "final", "aliases": []}}, {"downloaded": true, "fileName": "neogob_sad_reach.png", "emoji": {"name": "neogob_sad_reach", "category": "final", "aliases": []}}, {"downloaded": true, "fileName": "neogob_sign_nya.png", "emoji": {"name": "neogob_sign_nya", "category": "final", "aliases": []}}, {"downloaded": true, "fileName": "neogob_owo_blep.png", "emoji": {"name": "neogob_owo_blep", "category": "final", "aliases": []}}, {"downloaded": true, "fileName": "neogob_book_owo.png", "emoji": {"name": "neogob_book_owo", "category": "final", "aliases": []}}, {"downloaded": true, "fileName": "neogob_wink.png", "emoji": {"name": "neogob_wink", "category": "final", "aliases": []}}, {"downloaded": true, "fileName": "neogob_vr.png", "emoji": {"name": "neogob_vr", "category": "final", "aliases": []}}, {"downloaded": true, "fileName": "neogob_x_x.png", "emoji": {"name": "neogob_x_x", "category": "final", "aliases": []}}, {"downloaded": true, "fileName": "neogob_pat_sad.png", "emoji": {"name": "neogob_pat_sad", "category": "final", "aliases": []}}, {"downloaded": true, "fileName": "neogob_flop.png", "emoji": {"name": "neogob_flop", "category": "final", "aliases": []}}, {"downloaded": true, "fileName": "neogob_reach.png", "emoji": {"name": "neogob_reach", "category": "final", "aliases": []}}, {"downloaded": true, "fileName": "neogob_stretch_down.png", "emoji": {"name": "neogob_stretch_down", "category": "final", "aliases": []}}, {"downloaded": true, "fileName": "neogob_kisser.png", "emoji": {"name": "neogob_kisser", "category": "final", "aliases": []}}, {"downloaded": true, "fileName": "neogob_laugh.png", "emoji": {"name": "neogob_laugh", "category": "final", "aliases": []}}, {"downloaded": true, "fileName": "neogob_sign_aaa.png", "emoji": {"name": "neogob_sign_aaa", "category": "final", "aliases": []}}, {"downloaded": true, "fileName": "neogob_stretch_down_end.png", "emoji": {"name": "neogob_stretch_down_end", "category": "final", "aliases": []}}, {"downloaded": true, "fileName": "neogob_boop_blep.png", "emoji": {"name": "neogob_boop_blep", "category": "final", "aliases": []}}, {"downloaded": true, "fileName": "neogob_stretch_dl.png", "emoji": {"name": "neogob_stretch_dl", "category": "final", "aliases": []}}, {"downloaded": true, "fileName": "neogob_happy.png", "emoji": {"name": "neogob_happy", "category": "final", "aliases": []}}, {"downloaded": true, "fileName": "neogob_flop_blep.png", "emoji": {"name": "neogob_flop_blep", "category": "final", "aliases": []}}, {"downloaded": true, "fileName": "neogob_sign_tkx.png", "emoji": {"name": "neogob_sign_tkx", "category": "final", "aliases": []}}, {"downloaded": true, "fileName": "neogob_angry.png", "emoji": {"name": "neogob_angry", "category": "final", "aliases": []}}, {"downloaded": true, "fileName": "neogob_!.png", "emoji": {"name": "neogob_!", "category": "final", "aliases": []}}, {"downloaded": true, "fileName": "neogob_thumbsup.png", "emoji": {"name": "neogob_thumbsup", "category": "final", "aliases": []}}, {"downloaded": true, "fileName": "neogob_sad.png", "emoji": {"name": "neogob_sad", "category": "final", "aliases": []}}, {"downloaded": true, "fileName": "neogob_revolver.png", "emoji": {"name": "neogob_revolver", "category": "final", "aliases": []}}, {"downloaded": true, "fileName": "angler_cavegob.png", "emoji": {"name": "angler_cavegob", "category": "final", "aliases": []}}, {"downloaded": true, "fileName": "neogob_sign_yip.png", "emoji": {"name": "neogob_sign_yip", "category": "final", "aliases": []}}, {"downloaded": true, "fileName": "neogob_smug.png", "emoji": {"name": "neogob_smug", "category": "final", "aliases": []}}, {"downloaded": true, "fileName": "neogob_cofe_bubble.png", "emoji": {"name": "neogob_cofe_bubble", "category": "final", "aliases": []}}, {"downloaded": true, "fileName": "neogob_surprised.png", "emoji": {"name": "neogob_surprised", "category": "final", "aliases": []}}, {"downloaded": true, "fileName": "neogob_stretch_left.png", "emoji": {"name": "neogob_stretch_left", "category": "final", "aliases": []}}, {"downloaded": true, "fileName": "neogob_googly.png", "emoji": {"name": "neogob_googly", "category": "final", "aliases": []}}, {"downloaded": true, "fileName": "neogob_stretch_right.png", "emoji": {"name": "neogob_stretch_right", "category": "final", "aliases": []}}, {"downloaded": true, "fileName": "neogob_fingerguns.png", "emoji": {"name": "neogob_fingerguns", "category": "final", "aliases": []}}, {"downloaded": true, "fileName": "neogob_laugh_tears.png", "emoji": {"name": "neogob_laugh_tears", "category": "final", "aliases": []}}, {"downloaded": true, "fileName": "neogob_approve.png", "emoji": {"name": "neogob_approve", "category": "final", "aliases": []}}, {"downloaded": true, "fileName": "neogob_stretch_ur.png", "emoji": {"name": "neogob_stretch_ur", "category": "final", "aliases": []}}, {"downloaded": true, "fileName": "neogob_boop_angel.png", "emoji": {"name": "neogob_boop_angel", "category": "final", "aliases": []}}, {"downloaded": true, "fileName": "neogob_peek_owo.png", "emoji": {"name": "neogob_peek_owo", "category": "final", "aliases": []}}]}
