{
    "metaVersion": 2,
    "host": "sakurajima.social",
    "exportedAt": "2024-08-15T21:09:15Z",
    "emojis": [
        {
            "downloaded": true,
            "fileName": "neogob.png",
            "emoji": {
                "name": "neogob",
                "category": "neogob",
                "license": "CC BY-NC-SA 4.0",
                "aliases": []
            }
        },
        {
            "downloaded": true,
            "fileName": "neogob_!.png",
            "emoji": {
                "name": "neogob_!",
                "category": "neogob",
                "license": "CC BY-NC-SA 4.0",
                "aliases": []
            }
        },
        {
            "downloaded": true,
            "fileName": "neogob_0_0.png",
            "emoji": {
                "name": "neogob_0_0",
                "category": "neogob",
                "license": "CC BY-NC-SA 4.0",
                "aliases": []
            }
        },
        {
            "downloaded": true,
            "fileName": "neogob_3c.png",
            "emoji": {
                "name": "neogob_3c",
                "category": "neogob",
                "license": "CC BY-NC-SA 4.0",
                "aliases": []
            }
        },
        {
            "downloaded": true,
            "fileName": "neogob_angel.png",
            "emoji": {
                "name": "neogob_angel",
                "category": "neogob",
                "license": "CC BY-NC-SA 4.0",
                "aliases": []
            }
        },
        {
            "downloaded": true,
            "fileName": "neogob_angel_pleading.png",
            "emoji": {
                "name": "neogob_angel_pleading",
                "category": "neogob",
                "license": "CC BY-NC-SA 4.0",
                "aliases": []
            }
        },
        {
            "downloaded": true,
            "fileName": "neogob_angry.png",
            "emoji": {
                "name": "neogob_angry",
                "category": "neogob",
                "license": "CC BY-NC-SA 4.0",
                "aliases": []
            }
        },
        {
            "downloaded": true,
            "fileName": "neogob_approve.png",
            "emoji": {
                "name": "neogob_approve",
                "category": "neogob",
                "license": "CC BY-NC-SA 4.0",
                "aliases": []
            }
        },
        {
            "downloaded": true,
            "fileName": "neogob_aww.png",
            "emoji": {
                "name": "neogob_aww",
                "category": "neogob",
                "license": "CC BY-NC-SA 4.0",
                "aliases": []
            }
        },
        {
            "downloaded": true,
            "fileName": "neogob_baa.png",
            "emoji": {
                "name": "neogob_baa",
                "category": "neogob",
                "license": "CC BY-NC-SA 4.0",
                "aliases": []
            }
        },
        {
            "downloaded": true,
            "fileName": "neogob_blank.png",
            "emoji": {
                "name": "neogob_blank",
                "category": "neogob",
                "license": "CC BY-NC-SA 4.0",
                "aliases": []
            }
        },
        {
            "downloaded": true,
            "fileName": "neogob_blep.png",
            "emoji": {
                "name": "neogob_blep",
                "category": "neogob",
                "license": "CC BY-NC-SA 4.0",
                "aliases": []
            }
        },
        {
            "downloaded": true,
            "fileName": "neogob_blush.png",
            "emoji": {
                "name": "neogob_blush",
                "category": "neogob",
                "license": "CC BY-NC-SA 4.0",
                "aliases": []
            }
        },
        {
            "downloaded": true,
            "fileName": "neogob_blush_pyro.png",
            "emoji": {
                "name": "neogob_blush_pyro",
                "category": "neogob",
                "license": "CC BY-NC-SA 4.0",
                "aliases": []
            }
        },
        {
            "downloaded": true,
            "fileName": "neogob_book.png",
            "emoji": {
                "name": "neogob_book",
                "category": "neogob",
                "license": "CC BY-NC-SA 4.0",
                "aliases": []
            }
        },
        {
            "downloaded": true,
            "fileName": "neogob_book_owo.png",
            "emoji": {
                "name": "neogob_book_owo",
                "category": "neogob",
                "license": "CC BY-NC-SA 4.0",
                "aliases": []
            }
        },
        {
            "downloaded": true,
            "fileName": "neogob_boop.png",
            "emoji": {
                "name": "neogob_boop",
                "category": "neogob",
                "license": "CC BY-NC-SA 4.0",
                "aliases": []
            }
        },
        {
            "downloaded": true,
            "fileName": "neogob_boop_angel.png",
            "emoji": {
                "name": "neogob_boop_angel",
                "category": "neogob",
                "license": "CC BY-NC-SA 4.0",
                "aliases": []
            }
        },
        {
            "downloaded": true,
            "fileName": "neogob_boop_blep.png",
            "emoji": {
                "name": "neogob_boop_blep",
                "category": "neogob",
                "license": "CC BY-NC-SA 4.0",
                "aliases": []
            }
        },
        {
            "downloaded": true,
            "fileName": "neogob_boop_blush.png",
            "emoji": {
                "name": "neogob_boop_blush",
                "category": "neogob",
                "license": "CC BY-NC-SA 4.0",
                "aliases": []
            }
        },
        {
            "downloaded": true,
            "fileName": "neogob_boop_cute.png",
            "emoji": {
                "name": "neogob_boop_cute",
                "category": "neogob",
                "license": "CC BY-NC-SA 4.0",
                "aliases": []
            }
        },
        {
            "downloaded": true,
            "fileName": "neogob_boop_googly.png",
            "emoji": {
                "name": "neogob_boop_googly",
                "category": "neogob",
                "license": "CC BY-NC-SA 4.0",
                "aliases": []
            }
        },
        {
            "downloaded": true,
            "fileName": "neogob_boop_happy.png",
            "emoji": {
                "name": "neogob_boop_happy",
                "category": "neogob",
                "license": "CC BY-NC-SA 4.0",
                "aliases": []
            }
        },
        {
            "downloaded": true,
            "fileName": "neogob_boop_owo.png",
            "emoji": {
                "name": "neogob_boop_owo",
                "category": "neogob",
                "license": "CC BY-NC-SA 4.0",
                "aliases": []
            }
        },
        {
            "downloaded": true,
            "fileName": "neogob_boop_woozy.png",
            "emoji": {
                "name": "neogob_boop_woozy",
                "category": "neogob",
                "license": "CC BY-NC-SA 4.0",
                "aliases": []
            }
        },
        {
            "downloaded": true,
            "fileName": "neogob_bottom.png",
            "emoji": {
                "name": "neogob_bottom",
                "category": "neogob",
                "license": "CC BY-NC-SA 4.0",
                "aliases": []
            }
        },
        {
            "downloaded": true,
            "fileName": "neogob_cave_abyssal.png",
            "emoji": {
                "name": "neogob_cave_abyssal",
                "category": "neogob",
                "license": "CC BY-NC-SA 4.0",
                "aliases": []
            }
        },
        {
            "downloaded": true,
            "fileName": "neogob_cave_angler.png",
            "emoji": {
                "name": "neogob_cave_angler",
                "category": "neogob",
                "license": "CC BY-NC-SA 4.0",
                "aliases": []
            }
        },
        {
            "downloaded": true,
            "fileName": "neogob_cofe_bubble.png",
            "emoji": {
                "name": "neogob_cofe_bubble",
                "category": "neogob",
                "license": "CC BY-NC-SA 4.0",
                "aliases": []
            }
        },
        {
            "downloaded": true,
            "fileName": "neogob_confused.png",
            "emoji": {
                "name": "neogob_confused",
                "category": "neogob",
                "license": "CC BY-NC-SA 4.0",
                "aliases": []
            }
        },
        {
            "downloaded": true,
            "fileName": "neogob_cool.png",
            "emoji": {
                "name": "neogob_cool",
                "category": "neogob",
                "license": "CC BY-NC-SA 4.0",
                "aliases": []
            }
        },
        {
            "downloaded": true,
            "fileName": "neogob_cool_fingerguns.png",
            "emoji": {
                "name": "neogob_cool_fingerguns",
                "category": "neogob",
                "license": "CC BY-NC-SA 4.0",
                "aliases": []
            }
        },
        {
            "downloaded": true,
            "fileName": "neogob_cry.png",
            "emoji": {
                "name": "neogob_cry",
                "category": "neogob",
                "license": "CC BY-NC-SA 4.0",
                "aliases": []
            }
        },
        {
            "downloaded": true,
            "fileName": "neogob_cry_loud.png",
            "emoji": {
                "name": "neogob_cry_loud",
                "category": "neogob",
                "license": "CC BY-NC-SA 4.0",
                "aliases": []
            }
        },
        {
            "downloaded": true,
            "fileName": "neogob_cute.png",
            "emoji": {
                "name": "neogob_cute",
                "category": "neogob",
                "license": "CC BY-NC-SA 4.0",
                "aliases": []
            }
        },
        {
            "downloaded": true,
            "fileName": "neogob_cute_reach.png",
            "emoji": {
                "name": "neogob_cute_reach",
                "category": "neogob",
                "license": "CC BY-NC-SA 4.0",
                "aliases": []
            }
        },
        {
            "downloaded": true,
            "fileName": "neogob_cute_scar.png",
            "emoji": {
                "name": "neogob_cute_scar",
                "category": "neogob",
                "license": "CC BY-NC-SA 4.0",
                "aliases": []
            }
        },
        {
            "downloaded": true,
            "fileName": "neogob_dizzy.png",
            "emoji": {
                "name": "neogob_dizzy",
                "category": "neogob",
                "license": "CC BY-NC-SA 4.0",
                "aliases": []
            }
        },
        {
            "downloaded": true,
            "fileName": "neogob_drowsy.png",
            "emoji": {
                "name": "neogob_drowsy",
                "category": "neogob",
                "license": "CC BY-NC-SA 4.0",
                "aliases": []
            }
        },
        {
            "downloaded": true,
            "fileName": "neogob_evil.png",
            "emoji": {
                "name": "neogob_evil",
                "category": "neogob",
                "license": "CC BY-NC-SA 4.0",
                "aliases": []
            }
        },
        {
            "downloaded": true,
            "fileName": "neogob_evil_3c.png",
            "emoji": {
                "name": "neogob_evil_3c",
                "category": "neogob",
                "license": "CC BY-NC-SA 4.0",
                "aliases": []
            }
        },
        {
            "downloaded": true,
            "fileName": "neogob_facepalm.png",
            "emoji": {
                "name": "neogob_facepalm",
                "category": "neogob",
                "license": "CC BY-NC-SA 4.0",
                "aliases": []
            }
        },
        {
            "downloaded": true,
            "fileName": "neogob_fingerguns.png",
            "emoji": {
                "name": "neogob_fingerguns",
                "category": "neogob",
                "license": "CC BY-NC-SA 4.0",
                "aliases": []
            }
        },
        {
            "downloaded": true,
            "fileName": "neogob_fire_beauty_impermanence.png",
            "emoji": {
                "name": "neogob_fire_beauty_impermanence",
                "category": "neogob",
                "license": "CC BY-NC-SA 4.0",
                "aliases": []
            }
        },
        {
            "downloaded": true,
            "fileName": "neogob_flop.png",
            "emoji": {
                "name": "neogob_flop",
                "category": "neogob",
                "license": "CC BY-NC-SA 4.0",
                "aliases": []
            }
        },
        {
            "downloaded": true,
            "fileName": "neogob_flop_blep.png",
            "emoji": {
                "name": "neogob_flop_blep",
                "category": "neogob",
                "license": "CC BY-NC-SA 4.0",
                "aliases": []
            }
        },
        {
            "downloaded": true,
            "fileName": "neogob_flop_happy.png",
            "emoji": {
                "name": "neogob_flop_happy",
                "category": "neogob",
                "license": "CC BY-NC-SA 4.0",
                "aliases": []
            }
        },
        {
            "downloaded": true,
            "fileName": "neogob_flop_pat.png",
            "emoji": {
                "name": "neogob_flop_pat",
                "category": "neogob",
                "license": "CC BY-NC-SA 4.0",
                "aliases": []
            }
        },
        {
            "downloaded": true,
            "fileName": "neogob_flop_sleep.png",
            "emoji": {
                "name": "neogob_flop_sleep",
                "category": "neogob",
                "license": "CC BY-NC-SA 4.0",
                "aliases": []
            }
        },
        {
            "downloaded": true,
            "fileName": "neogob_flop_w.png",
            "emoji": {
                "name": "neogob_flop_w",
                "category": "neogob",
                "license": "CC BY-NC-SA 4.0",
                "aliases": []
            }
        },
        {
            "downloaded": true,
            "fileName": "neogob_flush.png",
            "emoji": {
                "name": "neogob_flush",
                "category": "neogob",
                "license": "CC BY-NC-SA 4.0",
                "aliases": []
            }
        },
        {
            "downloaded": true,
            "fileName": "neogob_glare.png",
            "emoji": {
                "name": "neogob_glare",
                "category": "neogob",
                "license": "CC BY-NC-SA 4.0",
                "aliases": []
            }
        },
        {
            "downloaded": true,
            "fileName": "neogob_glare_sob.png",
            "emoji": {
                "name": "neogob_glare_sob",
                "category": "neogob",
                "license": "CC BY-NC-SA 4.0",
                "aliases": []
            }
        },
        {
            "downloaded": true,
            "fileName": "neogob_glasses.png",
            "emoji": {
                "name": "neogob_glasses",
                "category": "neogob",
                "license": "CC BY-NC-SA 4.0",
                "aliases": []
            }
        },
        {
            "downloaded": true,
            "fileName": "neogob_googly.png",
            "emoji": {
                "name": "neogob_googly",
                "category": "neogob",
                "license": "CC BY-NC-SA 4.0",
                "aliases": []
            }
        },
        {
            "downloaded": true,
            "fileName": "neogob_googly_blep.png",
            "emoji": {
                "name": "neogob_googly_blep",
                "category": "neogob",
                "license": "CC BY-NC-SA 4.0",
                "aliases": []
            }
        },
        {
            "downloaded": true,
            "fileName": "neogob_googly_drool.png",
            "emoji": {
                "name": "neogob_googly_drool",
                "category": "neogob",
                "license": "CC BY-NC-SA 4.0",
                "aliases": []
            }
        },
        {
            "downloaded": true,
            "fileName": "neogob_googly_shocked.png",
            "emoji": {
                "name": "neogob_googly_shocked",
                "category": "neogob",
                "license": "CC BY-NC-SA 4.0",
                "aliases": []
            }
        },
        {
            "downloaded": true,
            "fileName": "neogob_googly_woozy.png",
            "emoji": {
                "name": "neogob_googly_woozy",
                "category": "neogob",
                "license": "CC BY-NC-SA 4.0",
                "aliases": []
            }
        },
        {
            "downloaded": true,
            "fileName": "neogob_happy.png",
            "emoji": {
                "name": "neogob_happy",
                "category": "neogob",
                "license": "CC BY-NC-SA 4.0",
                "aliases": []
            }
        },
        {
            "downloaded": true,
            "fileName": "neogob_happy_blep.png",
            "emoji": {
                "name": "neogob_happy_blep",
                "category": "neogob",
                "license": "CC BY-NC-SA 4.0",
                "aliases": []
            }
        },
        {
            "downloaded": true,
            "fileName": "neogob_heart.png",
            "emoji": {
                "name": "neogob_heart",
                "category": "neogob",
                "license": "CC BY-NC-SA 4.0",
                "aliases": []
            }
        },
        {
            "downloaded": true,
            "fileName": "neogob_hide.png",
            "emoji": {
                "name": "neogob_hide",
                "category": "neogob",
                "license": "CC BY-NC-SA 4.0",
                "aliases": []
            }
        },
        {
            "downloaded": true,
            "fileName": "neogob_hyper.png",
            "emoji": {
                "name": "neogob_hyper",
                "category": "neogob",
                "license": "CC BY-NC-SA 4.0",
                "aliases": []
            }
        },
        {
            "downloaded": true,
            "fileName": "neogob_kisser.png",
            "emoji": {
                "name": "neogob_kisser",
                "category": "neogob",
                "license": "CC BY-NC-SA 4.0",
                "aliases": []
            }
        },
        {
            "downloaded": true,
            "fileName": "neogob_laugh.png",
            "emoji": {
                "name": "neogob_laugh",
                "category": "neogob",
                "license": "CC BY-NC-SA 4.0",
                "aliases": []
            }
        },
        {
            "downloaded": true,
            "fileName": "neogob_laugh_nervous.png",
            "emoji": {
                "name": "neogob_laugh_nervous",
                "category": "neogob",
                "license": "CC BY-NC-SA 4.0",
                "aliases": []
            }
        },
        {
            "downloaded": true,
            "fileName": "neogob_laugh_tears.png",
            "emoji": {
                "name": "neogob_laugh_tears",
                "category": "neogob",
                "license": "CC BY-NC-SA 4.0",
                "aliases": []
            }
        },
        {
            "downloaded": true,
            "fileName": "neogob_owo.png",
            "emoji": {
                "name": "neogob_owo",
                "category": "neogob",
                "license": "CC BY-NC-SA 4.0",
                "aliases": []
            }
        },
        {
            "downloaded": true,
            "fileName": "neogob_owo_blep.png",
            "emoji": {
                "name": "neogob_owo_blep",
                "category": "neogob",
                "license": "CC BY-NC-SA 4.0",
                "aliases": []
            }
        },
        {
            "downloaded": true,
            "fileName": "neogob_o_o.png",
            "emoji": {
                "name": "neogob_o_o",
                "category": "neogob",
                "license": "CC BY-NC-SA 4.0",
                "aliases": []
            }
        },
        {
            "downloaded": true,
            "fileName": "neogob_pat.png",
            "emoji": {
                "name": "neogob_pat",
                "category": "neogob",
                "license": "CC BY-NC-SA 4.0",
                "aliases": []
            }
        },
        {
            "downloaded": true,
            "fileName": "neogob_pat_googly.png",
            "emoji": {
                "name": "neogob_pat_googly",
                "category": "neogob",
                "license": "CC BY-NC-SA 4.0",
                "aliases": []
            }
        },
        {
            "downloaded": true,
            "fileName": "neogob_pat_happy.png",
            "emoji": {
                "name": "neogob_pat_happy",
                "category": "neogob",
                "license": "CC BY-NC-SA 4.0",
                "aliases": []
            }
        },
        {
            "downloaded": true,
            "fileName": "neogob_pat_sad.png",
            "emoji": {
                "name": "neogob_pat_sad",
                "category": "neogob",
                "license": "CC BY-NC-SA 4.0",
                "aliases": []
            }
        },
        {
            "downloaded": true,
            "fileName": "neogob_pat_sob.png",
            "emoji": {
                "name": "neogob_pat_sob",
                "category": "neogob",
                "license": "CC BY-NC-SA 4.0",
                "aliases": []
            }
        },
        {
            "downloaded": true,
            "fileName": "neogob_pat_woozy.png",
            "emoji": {
                "name": "neogob_pat_woozy",
                "category": "neogob",
                "license": "CC BY-NC-SA 4.0",
                "aliases": []
            }
        },
        {
            "downloaded": true,
            "fileName": "neogob_peek.png",
            "emoji": {
                "name": "neogob_peek",
                "category": "neogob",
                "license": "CC BY-NC-SA 4.0",
                "aliases": []
            }
        },
        {
            "downloaded": true,
            "fileName": "neogob_peek_owo.png",
            "emoji": {
                "name": "neogob_peek_owo",
                "category": "neogob",
                "license": "CC BY-NC-SA 4.0",
                "aliases": []
            }
        },
        {
            "downloaded": true,
            "fileName": "neogob_pensive.png",
            "emoji": {
                "name": "neogob_pensive",
                "category": "neogob",
                "license": "CC BY-NC-SA 4.0",
                "aliases": []
            }
        },
        {
            "downloaded": true,
            "fileName": "neogob_pleading.png",
            "emoji": {
                "name": "neogob_pleading",
                "category": "neogob",
                "license": "CC BY-NC-SA 4.0",
                "aliases": []
            }
        },
        {
            "downloaded": true,
            "fileName": "neogob_pleading_reach.png",
            "emoji": {
                "name": "neogob_pleading_reach",
                "category": "neogob",
                "license": "CC BY-NC-SA 4.0",
                "aliases": []
            }
        },
        {
            "downloaded": true,
            "fileName": "neogob_pout.png",
            "emoji": {
                "name": "neogob_pout",
                "category": "neogob",
                "license": "CC BY-NC-SA 4.0",
                "aliases": []
            }
        },
        {
            "downloaded": true,
            "fileName": "neogob_puter.png",
            "emoji": {
                "name": "neogob_puter",
                "category": "neogob",
                "license": "CC BY-NC-SA 4.0",
                "aliases": []
            }
        },
        {
            "downloaded": true,
            "fileName": "neogob_pyro.png",
            "emoji": {
                "name": "neogob_pyro",
                "category": "neogob",
                "license": "CC BY-NC-SA 4.0",
                "aliases": []
            }
        },
        {
            "downloaded": true,
            "fileName": "neogob_reach.png",
            "emoji": {
                "name": "neogob_reach",
                "category": "neogob",
                "license": "CC BY-NC-SA 4.0",
                "aliases": []
            }
        },
        {
            "downloaded": true,
            "fileName": "neogob_reach_drool.png",
            "emoji": {
                "name": "neogob_reach_drool",
                "category": "neogob",
                "license": "CC BY-NC-SA 4.0",
                "aliases": []
            }
        },
        {
            "downloaded": true,
            "fileName": "neogob_revolver.png",
            "emoji": {
                "name": "neogob_revolver",
                "category": "neogob",
                "license": "CC BY-NC-SA 4.0",
                "aliases": []
            }
        },
        {
            "downloaded": true,
            "fileName": "neogob_sad.png",
            "emoji": {
                "name": "neogob_sad",
                "category": "neogob",
                "license": "CC BY-NC-SA 4.0",
                "aliases": []
            }
        },
        {
            "downloaded": true,
            "fileName": "neogob_sad_reach.png",
            "emoji": {
                "name": "neogob_sad_reach",
                "category": "neogob",
                "license": "CC BY-NC-SA 4.0",
                "aliases": []
            }
        },
        {
            "downloaded": true,
            "fileName": "neogob_samsa.png",
            "emoji": {
                "name": "neogob_samsa",
                "category": "neogob",
                "license": "CC BY-NC-SA 4.0",
                "aliases": []
            }
        },
        {
            "downloaded": true,
            "fileName": "neogob_scream.png",
            "emoji": {
                "name": "neogob_scream",
                "category": "neogob",
                "license": "CC BY-NC-SA 4.0",
                "aliases": []
            }
        },
        {
            "downloaded": true,
            "fileName": "neogob_scream_stare.png",
            "emoji": {
                "name": "neogob_scream_stare",
                "category": "neogob",
                "license": "CC BY-NC-SA 4.0",
                "aliases": []
            }
        },
        {
            "downloaded": true,
            "fileName": "neogob_shocked.png",
            "emoji": {
                "name": "neogob_shocked",
                "category": "neogob",
                "license": "CC BY-NC-SA 4.0",
                "aliases": []
            }
        },
        {
            "downloaded": true,
            "fileName": "neogob_sign_aaa.png",
            "emoji": {
                "name": "neogob_sign_aaa",
                "category": "neogob",
                "license": "CC BY-NC-SA 4.0",
                "aliases": []
            }
        },
        {
            "downloaded": true,
            "fileName": "neogob_sign_I_ated_it.png",
            "emoji": {
                "name": "neogob_sign_I_ated_it",
                "category": "neogob",
                "license": "CC BY-NC-SA 4.0",
                "aliases": []
            }
        },
        {
            "downloaded": true,
            "fileName": "neogob_sign_no.png",
            "emoji": {
                "name": "neogob_sign_no",
                "category": "neogob",
                "license": "CC BY-NC-SA 4.0",
                "aliases": []
            }
        },
        {
            "downloaded": true,
            "fileName": "neogob_sign_nya.png",
            "emoji": {
                "name": "neogob_sign_nya",
                "category": "neogob",
                "license": "CC BY-NC-SA 4.0",
                "aliases": []
            }
        },
        {
            "downloaded": true,
            "fileName": "neogob_sign_tkx.png",
            "emoji": {
                "name": "neogob_sign_tkx",
                "category": "neogob",
                "license": "CC BY-NC-SA 4.0",
                "aliases": []
            }
        },
        {
            "downloaded": true,
            "fileName": "neogob_sign_yes.png",
            "emoji": {
                "name": "neogob_sign_yes",
                "category": "neogob",
                "license": "CC BY-NC-SA 4.0",
                "aliases": []
            }
        },
        {
            "downloaded": true,
            "fileName": "neogob_sign_yip.png",
            "emoji": {
                "name": "neogob_sign_yip",
                "category": "neogob",
                "license": "CC BY-NC-SA 4.0",
                "aliases": []
            }
        },
        {
            "downloaded": true,
            "fileName": "neogob_sip.png",
            "emoji": {
                "name": "neogob_sip",
                "category": "neogob",
                "license": "CC BY-NC-SA 4.0",
                "aliases": []
            }
        },
        {
            "downloaded": true,
            "fileName": "neogob_sip_glare.png",
            "emoji": {
                "name": "neogob_sip_glare",
                "category": "neogob",
                "license": "CC BY-NC-SA 4.0",
                "aliases": []
            }
        },
        {
            "downloaded": true,
            "fileName": "neogob_sip_owo.png",
            "emoji": {
                "name": "neogob_sip_owo",
                "category": "neogob",
                "license": "CC BY-NC-SA 4.0",
                "aliases": []
            }
        },
        {
            "downloaded": true,
            "fileName": "neogob_smug.png",
            "emoji": {
                "name": "neogob_smug",
                "category": "neogob",
                "license": "CC BY-NC-SA 4.0",
                "aliases": []
            }
        },
        {
            "downloaded": true,
            "fileName": "neogob_sob.png",
            "emoji": {
                "name": "neogob_sob",
                "category": "neogob",
                "license": "CC BY-NC-SA 4.0",
                "aliases": []
            }
        },
        {
            "downloaded": true,
            "fileName": "neogob_stretch_dl.png",
            "emoji": {
                "name": "neogob_stretch_dl",
                "category": "neogob",
                "license": "CC BY-NC-SA 4.0",
                "aliases": []
            }
        },
        {
            "downloaded": true,
            "fileName": "neogob_stretch_down.png",
            "emoji": {
                "name": "neogob_stretch_down",
                "category": "neogob",
                "license": "CC BY-NC-SA 4.0",
                "aliases": []
            }
        },
        {
            "downloaded": true,
            "fileName": "neogob_stretch_down_end.png",
            "emoji": {
                "name": "neogob_stretch_down_end",
                "category": "neogob",
                "license": "CC BY-NC-SA 4.0",
                "aliases": []
            }
        },
        {
            "downloaded": true,
            "fileName": "neogob_stretch_dr.png",
            "emoji": {
                "name": "neogob_stretch_dr",
                "category": "neogob",
                "license": "CC BY-NC-SA 4.0",
                "aliases": []
            }
        },
        {
            "downloaded": true,
            "fileName": "neogob_stretch_h.png",
            "emoji": {
                "name": "neogob_stretch_h",
                "category": "neogob",
                "license": "CC BY-NC-SA 4.0",
                "aliases": []
            }
        },
        {
            "downloaded": true,
            "fileName": "neogob_stretch_left.png",
            "emoji": {
                "name": "neogob_stretch_left",
                "category": "neogob",
                "license": "CC BY-NC-SA 4.0",
                "aliases": []
            }
        },
        {
            "downloaded": true,
            "fileName": "neogob_stretch_right.png",
            "emoji": {
                "name": "neogob_stretch_right",
                "category": "neogob",
                "license": "CC BY-NC-SA 4.0",
                "aliases": []
            }
        },
        {
            "downloaded": true,
            "fileName": "neogob_stretch_ul.png",
            "emoji": {
                "name": "neogob_stretch_ul",
                "category": "neogob",
                "license": "CC BY-NC-SA 4.0",
                "aliases": []
            }
        },
        {
            "downloaded": true,
            "fileName": "neogob_stretch_up.png",
            "emoji": {
                "name": "neogob_stretch_up",
                "category": "neogob",
                "license": "CC BY-NC-SA 4.0",
                "aliases": []
            }
        },
        {
            "downloaded": true,
            "fileName": "neogob_stretch_ur.png",
            "emoji": {
                "name": "neogob_stretch_ur",
                "category": "neogob",
                "license": "CC BY-NC-SA 4.0",
                "aliases": []
            }
        },
        {
            "downloaded": true,
            "fileName": "neogob_stretch_v.png",
            "emoji": {
                "name": "neogob_stretch_v",
                "category": "neogob",
                "license": "CC BY-NC-SA 4.0",
                "aliases": []
            }
        },
        {
            "downloaded": true,
            "fileName": "neogob_surprised.png",
            "emoji": {
                "name": "neogob_surprised",
                "category": "neogob",
                "license": "CC BY-NC-SA 4.0",
                "aliases": []
            }
        },
        {
            "downloaded": true,
            "fileName": "neogob_think.png",
            "emoji": {
                "name": "neogob_think",
                "category": "neogob",
                "license": "CC BY-NC-SA 4.0",
                "aliases": []
            }
        },
        {
            "downloaded": true,
            "fileName": "neogob_thinking.png",
            "emoji": {
                "name": "neogob_thinking",
                "category": "neogob",
                "license": "CC BY-NC-SA 4.0",
                "aliases": []
            }
        },
        {
            "downloaded": true,
            "fileName": "neogob_think_cool.png",
            "emoji": {
                "name": "neogob_think_cool",
                "category": "neogob",
                "license": "CC BY-NC-SA 4.0",
                "aliases": []
            }
        },
        {
            "downloaded": true,
            "fileName": "neogob_think_googly.png",
            "emoji": {
                "name": "neogob_think_googly",
                "category": "neogob",
                "license": "CC BY-NC-SA 4.0",
                "aliases": []
            }
        },
        {
            "downloaded": true,
            "fileName": "neogob_think_owo.png",
            "emoji": {
                "name": "neogob_think_owo",
                "category": "neogob",
                "license": "CC BY-NC-SA 4.0",
                "aliases": []
            }
        },
        {
            "downloaded": true,
            "fileName": "neogob_think_woozy.png",
            "emoji": {
                "name": "neogob_think_woozy",
                "category": "neogob",
                "license": "CC BY-NC-SA 4.0",
                "aliases": []
            }
        },
        {
            "downloaded": true,
            "fileName": "neogob_thonk.png",
            "emoji": {
                "name": "neogob_thonk",
                "category": "neogob",
                "license": "CC BY-NC-SA 4.0",
                "aliases": []
            }
        },
        {
            "downloaded": true,
            "fileName": "neogob_thumbsdown.png",
            "emoji": {
                "name": "neogob_thumbsdown",
                "category": "neogob",
                "license": "CC BY-NC-SA 4.0",
                "aliases": []
            }
        },
        {
            "downloaded": true,
            "fileName": "neogob_thumbsup.png",
            "emoji": {
                "name": "neogob_thumbsup",
                "category": "neogob",
                "license": "CC BY-NC-SA 4.0",
                "aliases": []
            }
        },
        {
            "downloaded": true,
            "fileName": "neogob_uwu.png",
            "emoji": {
                "name": "neogob_uwu",
                "category": "neogob",
                "license": "CC BY-NC-SA 4.0",
                "aliases": []
            }
        },
        {
            "downloaded": true,
            "fileName": "neogob_vr.png",
            "emoji": {
                "name": "neogob_vr",
                "category": "neogob",
                "license": "CC BY-NC-SA 4.0",
                "aliases": []
            }
        },
        {
            "downloaded": true,
            "fileName": "neogob_wink.png",
            "emoji": {
                "name": "neogob_wink",
                "category": "neogob",
                "license": "CC BY-NC-SA 4.0",
                "aliases": []
            }
        },
        {
            "downloaded": true,
            "fileName": "neogob_woozy.png",
            "emoji": {
                "name": "neogob_woozy",
                "category": "neogob",
                "license": "CC BY-NC-SA 4.0",
                "aliases": []
            }
        },
        {
            "downloaded": true,
            "fileName": "neogob_x_x.png",
            "emoji": {
                "name": "neogob_x_x",
                "category": "neogob",
                "license": "CC BY-NC-SA 4.0",
                "aliases": []
            }
        },
        {
            "downloaded": true,
            "fileName": "neogob__.png",
            "emoji": {
                "name": "neogob__",
                "category": "neogob",
                "license": "CC BY-NC-SA 4.0",
                "aliases": []
            }
        },
        {
            "downloaded": true,
            "fileName": "neogob__w_.png",
            "emoji": {
                "name": "neogob_w_",
                "category": "neogob",
                "license": "CC BY-NC-SA 4.0",
                "aliases": []
            }
        }
    ]
}