{
    "files": {
        "aneogob_bongo": "aneogob_bongo.apng",
        "aneogob_bongo_fast": "aneogob_bongo_fast.apng",
        "aneogob_bongo_faster": "aneogob_bongo_faster.apng",
        "aneogob_bongo_hyper": "aneogob_bongo_hyper.apng",
        "aneogob_mlem": "aneogob_mlem.apng",
        "aneogob_talk": "aneogob_talk.apng",
        "neogob": "neogob.png",
        "neogob_!": "neogob_!.png",
        "neogob_0_0": "neogob_0_0.png",
        "neogob_3c": "neogob_3c.png",
        "neogob_angel": "neogob_angel.png",
        "neogob_angel_pleading": "neogob_angel_pleading.png",
        "neogob_angry": "neogob_angry.png",
        "neogob_approve": "neogob_approve.png",
        "neogob_aww": "neogob_aww.png",
        "neogob_baa": "neogob_baa.png",
        "neogob_blank": "neogob_blank.png",
        "neogob_blep": "neogob_blep.png",
        "neogob_blush": "neogob_blush.png",
        "neogob_blush_pyro": "neogob_blush_pyro.png",
        "neogob_bongo_down": "neogob_bongo_down.png",
        "neogob_bongo_up": "neogob_bongo_up.png",
        "neogob_book": "neogob_book.png",
        "neogob_book_owo": "neogob_book_owo.png",
        "neogob_boop": "neogob_boop.png",
        "neogob_boop_angel": "neogob_boop_angel.png",
        "neogob_boop_blep": "neogob_boop_blep.png",
        "neogob_boop_blush": "neogob_boop_blush.png",
        "neogob_boop_cute": "neogob_boop_cute.png",
        "neogob_boop_googly": "neogob_boop_googly.png",
        "neogob_boop_happy": "neogob_boop_happy.png",
        "neogob_boop_owo": "neogob_boop_owo.png",
        "neogob_boop_woozy": "neogob_boop_woozy.png",
        "neogob_bottom": "neogob_bottom.png",
        "neogob_cave_abyssal": "neogob_cave_abyssal.png",
        "neogob_cave_angler": "neogob_cave_angler.png",
        "neogob_cofe_bubble": "neogob_cofe_bubble.png",
        "neogob_confused": "neogob_confused.png",
        "neogob_cool": "neogob_cool.png",
        "neogob_cool_fingerguns": "neogob_cool_fingerguns.png",
        "neogob_cry": "neogob_cry.png",
        "neogob_cry_loud": "neogob_cry_loud.png",
        "neogob_cute": "neogob_cute.png",
        "neogob_cute_reach": "neogob_cute_reach.png",
        "neogob_cute_scar": "neogob_cute_scar.png",
        "neogob_dizzy": "neogob_dizzy.png",
        "neogob_drowsy": "neogob_drowsy.png",
        "neogob_evil": "neogob_evil.png",
        "neogob_evil_3c": "neogob_evil_3c.png",
        "neogob_facepalm": "neogob_facepalm.png",
        "neogob_fingerguns": "neogob_fingerguns.png",
        "neogob_fire_beauty_impermanence": "neogob_fire_beauty_impermanence.png",
        "neogob_flop": "neogob_flop.png",
        "neogob_flop_blep": "neogob_flop_blep.png",
        "neogob_flop_happy": "neogob_flop_happy.png",
        "neogob_flop_pat": "neogob_flop_pat.png",
        "neogob_flop_sleep": "neogob_flop_sleep.png",
        "neogob_flop_w": "neogob_flop_w.png",
        "neogob_flush": "neogob_flush.png",
        "neogob_glare": "neogob_glare.png",
        "neogob_glare_sob": "neogob_glare_sob.png",
        "neogob_glasses": "neogob_glasses.png",
        "neogob_googly": "neogob_googly.png",
        "neogob_googly_blep": "neogob_googly_blep.png",
        "neogob_googly_drool": "neogob_googly_drool.png",
        "neogob_googly_shocked": "neogob_googly_shocked.png",
        "neogob_googly_woozy": "neogob_googly_woozy.png",
        "neogob_happy": "neogob_happy.png",
        "neogob_happy_blep": "neogob_happy_blep.png",
        "neogob_heart": "neogob_heart.png",
        "neogob_hide": "neogob_hide.png",
        "neogob_hyper": "neogob_hyper.png",
        "neogob_kisser": "neogob_kisser.png",
        "neogob_laugh": "neogob_laugh.png",
        "neogob_laugh_nervous": "neogob_laugh_nervous.png",
        "neogob_laugh_tears": "neogob_laugh_tears.png",
        "neogob_owo": "neogob_owo.png",
        "neogob_owo_blep": "neogob_owo_blep.png",
        "neogob_o_o": "neogob_o_o.png",
        "neogob_pat": "neogob_pat.png",
        "neogob_pat_googly": "neogob_pat_googly.png",
        "neogob_pat_happy": "neogob_pat_happy.png",
        "neogob_pat_sad": "neogob_pat_sad.png",
        "neogob_pat_sob": "neogob_pat_sob.png",
        "neogob_pat_woozy": "neogob_pat_woozy.png",
        "neogob_peek": "neogob_peek.png",
        "neogob_peek_owo": "neogob_peek_owo.png",
        "neogob_pensive": "neogob_pensive.png",
        "neogob_pleading": "neogob_pleading.png",
        "neogob_pleading_reach": "neogob_pleading_reach.png",
        "neogob_pout": "neogob_pout.png",
        "neogob_puter": "neogob_puter.png",
        "neogob_pyro": "neogob_pyro.png",
        "neogob_reach": "neogob_reach.png",
        "neogob_reach_drool": "neogob_reach_drool.png",
        "neogob_revolver": "neogob_revolver.png",
        "neogob_sad": "neogob_sad.png",
        "neogob_sad_reach": "neogob_sad_reach.png",
        "neogob_samsa": "neogob_samsa.png",
        "neogob_scream": "neogob_scream.png",
        "neogob_scream_stare": "neogob_scream_stare.png",
        "neogob_shocked": "neogob_shocked.png",
        "neogob_sign_aaa": "neogob_sign_aaa.png",
        "neogob_sign_I_ated_it": "neogob_sign_I_ated_it.png",
        "neogob_sign_no": "neogob_sign_no.png",
        "neogob_sign_nya": "neogob_sign_nya.png",
        "neogob_sign_tkx": "neogob_sign_tkx.png",
        "neogob_sign_yes": "neogob_sign_yes.png",
        "neogob_sign_yip": "neogob_sign_yip.png",
        "neogob_sip": "neogob_sip.png",
        "neogob_sip_glare": "neogob_sip_glare.png",
        "neogob_sip_owo": "neogob_sip_owo.png",
        "neogob_smug": "neogob_smug.png",
        "neogob_sob": "neogob_sob.png",
        "neogob_stretch_dl": "neogob_stretch_dl.png",
        "neogob_stretch_down": "neogob_stretch_down.png",
        "neogob_stretch_down_end": "neogob_stretch_down_end.png",
        "neogob_stretch_dr": "neogob_stretch_dr.png",
        "neogob_stretch_h": "neogob_stretch_h.png",
        "neogob_stretch_left": "neogob_stretch_left.png",
        "neogob_stretch_right": "neogob_stretch_right.png",
        "neogob_stretch_ul": "neogob_stretch_ul.png",
        "neogob_stretch_up": "neogob_stretch_up.png",
        "neogob_stretch_ur": "neogob_stretch_ur.png",
        "neogob_stretch_v": "neogob_stretch_v.png",
        "neogob_surprised": "neogob_surprised.png",
        "neogob_think": "neogob_think.png",
        "neogob_thinking": "neogob_thinking.png",
        "neogob_think_cool": "neogob_think_cool.png",
        "neogob_think_googly": "neogob_think_googly.png",
        "neogob_think_owo": "neogob_think_owo.png",
        "neogob_think_woozy": "neogob_think_woozy.png",
        "neogob_thonk": "neogob_thonk.png",
        "neogob_thumbsdown": "neogob_thumbsdown.png",
        "neogob_thumbsup": "neogob_thumbsup.png",
        "neogob_uwu": "neogob_uwu.png",
        "neogob_vr": "neogob_vr.png",
        "neogob_wink": "neogob_wink.png",
        "neogob_woozy": "neogob_woozy.png",
        "neogob_x_x": "neogob_x_x.png",
        "neogob_yell": "neogob_yell.png",
        "neogob__": "neogob__.png",
        "neogob_w_": "neogob__w_.png"
    },
    "pack": {},
    "count": 143
}